--
-- PostgreSQL database dump
--

-- Dumped from database version 17.2 (Debian 17.2-1.pgdg110+1)
-- Dumped by pg_dump version 17.2 (Debian 17.2-1.pgdg110+1)

-- Started on 2025-01-31 03:25:37 UTC

SET statement_timeout = 0;
SET lock_timeout = 0;
SET idle_in_transaction_session_timeout = 0;
SET transaction_timeout = 0;
SET client_encoding = 'UTF8';
SET standard_conforming_strings = on;
SELECT pg_catalog.set_config('search_path', '', false);
SET check_function_bodies = false;
SET xmloption = content;
SET client_min_messages = warning;
SET row_security = off;

--
-- TOC entry 8 (class 2615 OID 2200)
-- Name: public; Type: SCHEMA; Schema: -; Owner: -
--

-- CREATE SCHEMA public;


--
-- TOC entry 4706 (class 0 OID 0)
-- Dependencies: 8
-- Name: SCHEMA public; Type: COMMENT; Schema: -; Owner: -
--

COMMENT ON SCHEMA public IS 'standard public schema';


SET default_tablespace = '';

SET default_table_access_method = heap;

--
-- TOC entry 286 (class 1259 OID 19713)
-- Name: auth_group; Type: TABLE; Schema: public; Owner: -
--

CREATE TABLE public.auth_group (
    id integer NOT NULL,
    name character varying(150) NOT NULL
);


--
-- TOC entry 287 (class 1259 OID 19716)
-- Name: auth_group_id_seq; Type: SEQUENCE; Schema: public; Owner: -
--

ALTER TABLE public.auth_group ALTER COLUMN id ADD GENERATED BY DEFAULT AS IDENTITY (
    SEQUENCE NAME public.auth_group_id_seq
    START WITH 1
    INCREMENT BY 1
    NO MINVALUE
    NO MAXVALUE
    CACHE 1
);


--
-- TOC entry 288 (class 1259 OID 19717)
-- Name: auth_group_permissions; Type: TABLE; Schema: public; Owner: -
--

CREATE TABLE public.auth_group_permissions (
    id bigint NOT NULL,
    group_id integer NOT NULL,
    permission_id integer NOT NULL
);


--
-- TOC entry 289 (class 1259 OID 19720)
-- Name: auth_group_permissions_id_seq; Type: SEQUENCE; Schema: public; Owner: -
--

ALTER TABLE public.auth_group_permissions ALTER COLUMN id ADD GENERATED BY DEFAULT AS IDENTITY (
    SEQUENCE NAME public.auth_group_permissions_id_seq
    START WITH 1
    INCREMENT BY 1
    NO MINVALUE
    NO MAXVALUE
    CACHE 1
);


--
-- TOC entry 290 (class 1259 OID 19721)
-- Name: auth_permission; Type: TABLE; Schema: public; Owner: -
--

CREATE TABLE public.auth_permission (
    id integer NOT NULL,
    name character varying(255) NOT NULL,
    content_type_id integer NOT NULL,
    codename character varying(100) NOT NULL
);


--
-- TOC entry 291 (class 1259 OID 19724)
-- Name: auth_permission_id_seq; Type: SEQUENCE; Schema: public; Owner: -
--

ALTER TABLE public.auth_permission ALTER COLUMN id ADD GENERATED BY DEFAULT AS IDENTITY (
    SEQUENCE NAME public.auth_permission_id_seq
    START WITH 1
    INCREMENT BY 1
    NO MINVALUE
    NO MAXVALUE
    CACHE 1
);


--
-- TOC entry 292 (class 1259 OID 19725)
-- Name: authtoken_token; Type: TABLE; Schema: public; Owner: -
--

CREATE TABLE public.authtoken_token (
    key character varying(40) NOT NULL,
    created timestamp with time zone NOT NULL,
    user_id integer NOT NULL
);


--
-- TOC entry 293 (class 1259 OID 19728)
-- Name: core_ride; Type: TABLE; Schema: public; Owner: -
--

CREATE TABLE public.core_ride (
    id_ride integer NOT NULL,
    status character varying(10),
    pickup_latitude double precision NOT NULL,
    pickup_longitude double precision NOT NULL,
    dropoff_latitude double precision NOT NULL,
    dropoff_longitude double precision NOT NULL,
    pickup_time timestamp with time zone,
    pickup_location public.geometry(Point,4326) NOT NULL,
    id_driver_id integer,
    id_rider_id integer
);


--
-- TOC entry 294 (class 1259 OID 19733)
-- Name: core_ride_id_ride_seq; Type: SEQUENCE; Schema: public; Owner: -
--

ALTER TABLE public.core_ride ALTER COLUMN id_ride ADD GENERATED BY DEFAULT AS IDENTITY (
    SEQUENCE NAME public.core_ride_id_ride_seq
    START WITH 1
    INCREMENT BY 1
    NO MINVALUE
    NO MAXVALUE
    CACHE 1
);


--
-- TOC entry 295 (class 1259 OID 19734)
-- Name: core_rideevent; Type: TABLE; Schema: public; Owner: -
--

CREATE TABLE public.core_rideevent (
    id_ride_event integer NOT NULL,
    description character varying(50) NOT NULL,
    created_at timestamp with time zone NOT NULL,
    id_ride_id integer NOT NULL
);


--
-- TOC entry 296 (class 1259 OID 19737)
-- Name: core_rideevent_id_ride_event_seq; Type: SEQUENCE; Schema: public; Owner: -
--

ALTER TABLE public.core_rideevent ALTER COLUMN id_ride_event ADD GENERATED BY DEFAULT AS IDENTITY (
    SEQUENCE NAME public.core_rideevent_id_ride_event_seq
    START WITH 1
    INCREMENT BY 1
    NO MINVALUE
    NO MAXVALUE
    CACHE 1
);


--
-- TOC entry 297 (class 1259 OID 19738)
-- Name: core_user; Type: TABLE; Schema: public; Owner: -
--

CREATE TABLE public.core_user (
    password character varying(128) NOT NULL,
    last_login timestamp with time zone,
    id_user integer NOT NULL,
    role character varying(10),
    is_staff boolean NOT NULL,
    is_superuser boolean NOT NULL,
    username character varying(50) NOT NULL,
    first_name character varying(50) NOT NULL,
    last_name character varying(50) NOT NULL,
    email character varying(254) NOT NULL,
    phone_number character varying(20) NOT NULL
);


--
-- TOC entry 298 (class 1259 OID 19743)
-- Name: core_user_id_user_seq; Type: SEQUENCE; Schema: public; Owner: -
--

ALTER TABLE public.core_user ALTER COLUMN id_user ADD GENERATED BY DEFAULT AS IDENTITY (
    SEQUENCE NAME public.core_user_id_user_seq
    START WITH 1
    INCREMENT BY 1
    NO MINVALUE
    NO MAXVALUE
    CACHE 1
);


--
-- TOC entry 299 (class 1259 OID 19744)
-- Name: django_admin_log; Type: TABLE; Schema: public; Owner: -
--

CREATE TABLE public.django_admin_log (
    id integer NOT NULL,
    action_time timestamp with time zone NOT NULL,
    object_id text,
    object_repr character varying(200) NOT NULL,
    action_flag smallint NOT NULL,
    change_message text NOT NULL,
    content_type_id integer,
    user_id integer NOT NULL,
    CONSTRAINT django_admin_log_action_flag_check CHECK ((action_flag >= 0))
);


--
-- TOC entry 300 (class 1259 OID 19750)
-- Name: django_admin_log_id_seq; Type: SEQUENCE; Schema: public; Owner: -
--

ALTER TABLE public.django_admin_log ALTER COLUMN id ADD GENERATED BY DEFAULT AS IDENTITY (
    SEQUENCE NAME public.django_admin_log_id_seq
    START WITH 1
    INCREMENT BY 1
    NO MINVALUE
    NO MAXVALUE
    CACHE 1
);


--
-- TOC entry 301 (class 1259 OID 19751)
-- Name: django_content_type; Type: TABLE; Schema: public; Owner: -
--

CREATE TABLE public.django_content_type (
    id integer NOT NULL,
    app_label character varying(100) NOT NULL,
    model character varying(100) NOT NULL
);


--
-- TOC entry 302 (class 1259 OID 19754)
-- Name: django_content_type_id_seq; Type: SEQUENCE; Schema: public; Owner: -
--

ALTER TABLE public.django_content_type ALTER COLUMN id ADD GENERATED BY DEFAULT AS IDENTITY (
    SEQUENCE NAME public.django_content_type_id_seq
    START WITH 1
    INCREMENT BY 1
    NO MINVALUE
    NO MAXVALUE
    CACHE 1
);


--
-- TOC entry 303 (class 1259 OID 19755)
-- Name: django_migrations; Type: TABLE; Schema: public; Owner: -
--

CREATE TABLE public.django_migrations (
    id bigint NOT NULL,
    app character varying(255) NOT NULL,
    name character varying(255) NOT NULL,
    applied timestamp with time zone NOT NULL
);


--
-- TOC entry 304 (class 1259 OID 19760)
-- Name: django_migrations_id_seq; Type: SEQUENCE; Schema: public; Owner: -
--

ALTER TABLE public.django_migrations ALTER COLUMN id ADD GENERATED BY DEFAULT AS IDENTITY (
    SEQUENCE NAME public.django_migrations_id_seq
    START WITH 1
    INCREMENT BY 1
    NO MINVALUE
    NO MAXVALUE
    CACHE 1
);


--
-- TOC entry 305 (class 1259 OID 19761)
-- Name: django_session; Type: TABLE; Schema: public; Owner: -
--

CREATE TABLE public.django_session (
    session_key character varying(40) NOT NULL,
    session_data text NOT NULL,
    expire_date timestamp with time zone NOT NULL
);


--
-- TOC entry 4681 (class 0 OID 19713)
-- Dependencies: 286
-- Data for Name: auth_group; Type: TABLE DATA; Schema: public; Owner: -
--

COPY public.auth_group (id, name) FROM stdin;
\.


--
-- TOC entry 4683 (class 0 OID 19717)
-- Dependencies: 288
-- Data for Name: auth_group_permissions; Type: TABLE DATA; Schema: public; Owner: -
--

COPY public.auth_group_permissions (id, group_id, permission_id) FROM stdin;
\.


--
-- TOC entry 4685 (class 0 OID 19721)
-- Dependencies: 290
-- Data for Name: auth_permission; Type: TABLE DATA; Schema: public; Owner: -
--

COPY public.auth_permission (id, name, content_type_id, codename) FROM stdin;
1	Can add log entry	1	add_logentry
2	Can change log entry	1	change_logentry
3	Can delete log entry	1	delete_logentry
4	Can view log entry	1	view_logentry
5	Can add permission	2	add_permission
6	Can change permission	2	change_permission
7	Can delete permission	2	delete_permission
8	Can view permission	2	view_permission
9	Can add group	3	add_group
10	Can change group	3	change_group
11	Can delete group	3	delete_group
12	Can view group	3	view_group
13	Can add content type	4	add_contenttype
14	Can change content type	4	change_contenttype
15	Can delete content type	4	delete_contenttype
16	Can view content type	4	view_contenttype
17	Can add session	5	add_session
18	Can change session	5	change_session
19	Can delete session	5	delete_session
20	Can view session	5	view_session
21	Can add Token	6	add_token
22	Can change Token	6	change_token
23	Can delete Token	6	delete_token
24	Can view Token	6	view_token
25	Can add Token	7	add_tokenproxy
26	Can change Token	7	change_tokenproxy
27	Can delete Token	7	delete_tokenproxy
28	Can view Token	7	view_tokenproxy
29	Can add user	8	add_user
30	Can change user	8	change_user
31	Can delete user	8	delete_user
32	Can view user	8	view_user
33	Can add ride	9	add_ride
34	Can change ride	9	change_ride
35	Can delete ride	9	delete_ride
36	Can view ride	9	view_ride
37	Can add ride event	10	add_rideevent
38	Can change ride event	10	change_rideevent
39	Can delete ride event	10	delete_rideevent
40	Can view ride event	10	view_rideevent
\.


--
-- TOC entry 4687 (class 0 OID 19725)
-- Dependencies: 292
-- Data for Name: authtoken_token; Type: TABLE DATA; Schema: public; Owner: -
--

COPY public.authtoken_token (key, created, user_id) FROM stdin;
df30385854f066b87a742ea653ce464bc16c12ec	2025-01-31 03:24:23.389073+00	1
\.


--
-- TOC entry 4688 (class 0 OID 19728)
-- Dependencies: 293
-- Data for Name: core_ride; Type: TABLE DATA; Schema: public; Owner: -
--

COPY public.core_ride (id_ride, status, pickup_latitude, pickup_longitude, dropoff_latitude, dropoff_longitude, pickup_time, pickup_location, id_driver_id, id_rider_id) FROM stdin;
1	dropoff	12	101	14	103	2024-01-01 22:00:00+00	0101000020E610000000000000000028400000000000405940	3	2
2	dropoff	14	106	13	103	2024-01-01 23:00:00+00	0101000020E61000000000000000002C400000000000805A40	3	2
21	dropoff	14	119	13	111	2024-02-02 07:00:00+00	0101000020E61000000000000000002C400000000000C05D40	4	2
3	dropoff	12	113	12	103	2024-01-02 00:00:00+00	0101000020E610000000000000000028400000000000405C40	3	2
4	dropoff	14	115	12	110	2024-01-02 01:00:00+00	0101000020E61000000000000000002C400000000000C05C40	3	2
42	dropoff	12	107	12	114	2024-04-05 01:00:00+00	0101000020E610000000000000000028400000000000C05A40	4	2
5	dropoff	12	109	13	101	2024-01-02 02:00:00+00	0101000020E610000000000000000028400000000000405B40	4	2
22	dropoff	14	107	12	110	2024-02-02 08:00:00+00	0101000020E61000000000000000002C400000000000C05A40	4	2
6	dropoff	14	115	12	114	2024-01-02 03:00:00+00	0101000020E61000000000000000002C400000000000C05C40	4	2
7	dropoff	13	100	14	106	2024-01-02 04:00:00+00	0101000020E61000000000000000002A400000000000005940	4	2
34	dropoff	14	100	12	115	2024-03-05 08:00:00+00	0101000020E61000000000000000002C400000000000005940	5	2
8	dropoff	12	112	12	104	2024-01-02 05:00:00+00	0101000020E610000000000000000028400000000000005C40	4	2
23	dropoff	12	100	12	107	2024-02-02 09:00:00+00	0101000020E610000000000000000028400000000000005940	4	2
9	dropoff	12	114	13	107	2024-01-02 06:00:00+00	0101000020E610000000000000000028400000000000805C40	4	2
10	dropoff	13	119	14	114	2024-01-02 07:00:00+00	0101000020E61000000000000000002A400000000000C05D40	5	2
11	dropoff	14	103	12	112	2024-01-02 08:00:00+00	0101000020E61000000000000000002C400000000000C05940	5	2
24	dropoff	14	113	12	119	2024-03-04 22:00:00+00	0101000020E61000000000000000002C400000000000405C40	3	2
12	dropoff	12	102	14	105	2024-02-01 22:00:00+00	0101000020E610000000000000000028400000000000805940	3	2
13	dropoff	12	104	14	104	2024-02-01 23:00:00+00	0101000020E610000000000000000028400000000000005A40	3	2
14	dropoff	13	111	13	109	2024-02-02 00:00:00+00	0101000020E61000000000000000002A400000000000C05B40	3	2
25	dropoff	12	102	13	110	2024-03-04 23:00:00+00	0101000020E610000000000000000028400000000000805940	3	2
15	dropoff	13	100	13	105	2024-02-02 01:00:00+00	0101000020E61000000000000000002A400000000000005940	3	2
16	dropoff	12	116	14	113	2024-02-02 02:00:00+00	0101000020E610000000000000000028400000000000005D40	3	2
35	dropoff	14	113	14	116	2024-03-05 09:00:00+00	0101000020E61000000000000000002C400000000000405C40	5	2
17	dropoff	13	111	14	108	2024-02-02 03:00:00+00	0101000020E61000000000000000002A400000000000C05B40	3	2
26	dropoff	13	119	12	111	2024-03-05 00:00:00+00	0101000020E61000000000000000002A400000000000C05D40	4	2
18	dropoff	12	114	14	113	2024-02-02 04:00:00+00	0101000020E610000000000000000028400000000000805C40	3	2
19	dropoff	12	116	12	116	2024-02-02 05:00:00+00	0101000020E610000000000000000028400000000000005D40	4	2
20	dropoff	13	106	12	109	2024-02-02 06:00:00+00	0101000020E61000000000000000002A400000000000805A40	4	2
27	dropoff	12	114	12	102	2024-03-05 01:00:00+00	0101000020E610000000000000000028400000000000805C40	4	2
28	dropoff	14	100	14	105	2024-03-05 02:00:00+00	0101000020E61000000000000000002C400000000000005940	5	2
36	dropoff	12	119	14	104	2024-03-05 10:00:00+00	0101000020E610000000000000000028400000000000C05D40	5	2
29	dropoff	13	114	14	114	2024-03-05 03:00:00+00	0101000020E61000000000000000002A400000000000805C40	5	2
30	dropoff	14	116	14	100	2024-03-05 04:00:00+00	0101000020E61000000000000000002C400000000000005D40	5	2
43	dropoff	14	107	12	100	2024-04-05 02:00:00+00	0101000020E61000000000000000002C400000000000C05A40	4	2
31	dropoff	13	117	12	101	2024-03-05 05:00:00+00	0101000020E61000000000000000002A400000000000405D40	5	2
37	dropoff	14	110	12	115	2024-03-05 11:00:00+00	0101000020E61000000000000000002C400000000000805B40	5	2
32	dropoff	14	109	13	113	2024-03-05 06:00:00+00	0101000020E61000000000000000002C400000000000405B40	5	2
33	dropoff	13	118	14	112	2024-03-05 07:00:00+00	0101000020E61000000000000000002A400000000000805D40	5	2
38	dropoff	12	100	13	112	2024-03-05 12:00:00+00	0101000020E610000000000000000028400000000000005940	5	2
39	dropoff	14	112	13	108	2024-04-04 22:00:00+00	0101000020E61000000000000000002C400000000000005C40	4	2
44	dropoff	12	102	12	113	2024-04-05 03:00:00+00	0101000020E610000000000000000028400000000000805940	4	2
40	dropoff	14	104	12	109	2024-04-04 23:00:00+00	0101000020E61000000000000000002C400000000000005A40	4	2
41	dropoff	13	108	13	107	2024-04-05 00:00:00+00	0101000020E61000000000000000002A400000000000005B40	4	2
48	dropoff	12	102	14	119	2024-04-05 07:00:00+00	0101000020E610000000000000000028400000000000805940	5	2
45	dropoff	13	101	12	100	2024-04-05 04:00:00+00	0101000020E61000000000000000002A400000000000405940	4	2
46	dropoff	13	114	13	104	2024-04-05 05:00:00+00	0101000020E61000000000000000002A400000000000805C40	5	2
47	dropoff	13	102	13	109	2024-04-05 06:00:00+00	0101000020E61000000000000000002A400000000000805940	5	2
\.


--
-- TOC entry 4690 (class 0 OID 19734)
-- Dependencies: 295
-- Data for Name: core_rideevent; Type: TABLE DATA; Schema: public; Owner: -
--

COPY public.core_rideevent (id_ride_event, description, created_at, id_ride_id) FROM stdin;
1	Status changed to pickup	2024-01-01 22:00:00+00	1
2	Status changed to dropoff	2024-01-02 00:00:00+00	1
3	Status changed to pickup	2024-01-01 23:00:00+00	2
4	Status changed to dropoff	2024-01-02 01:00:00+00	2
5	Status changed to pickup	2024-01-02 00:00:00+00	3
6	Status changed to dropoff	2024-01-02 02:00:00+00	3
7	Status changed to pickup	2024-01-02 01:00:00+00	4
8	Status changed to dropoff	2024-01-02 03:00:00+00	4
9	Status changed to pickup	2024-01-02 02:00:00+00	5
10	Status changed to dropoff	2024-01-02 04:00:00+00	5
11	Status changed to pickup	2024-01-02 03:00:00+00	6
12	Status changed to dropoff	2024-01-02 05:00:00+00	6
13	Status changed to pickup	2024-01-02 04:00:00+00	7
14	Status changed to dropoff	2024-01-02 06:00:00+00	7
15	Status changed to pickup	2024-01-02 05:00:00+00	8
16	Status changed to dropoff	2024-01-02 07:00:00+00	8
17	Status changed to pickup	2024-01-02 06:00:00+00	9
18	Status changed to dropoff	2024-01-02 08:00:00+00	9
19	Status changed to pickup	2024-01-02 07:00:00+00	10
20	Status changed to dropoff	2024-01-02 09:00:00+00	10
21	Status changed to pickup	2024-01-02 08:00:00+00	11
22	Status changed to dropoff	2024-01-02 10:00:00+00	11
23	Status changed to pickup	2024-02-01 22:00:00+00	12
24	Status changed to dropoff	2024-02-02 00:00:00+00	12
25	Status changed to pickup	2024-02-01 23:00:00+00	13
26	Status changed to dropoff	2024-02-02 01:00:00+00	13
27	Status changed to pickup	2024-02-02 00:00:00+00	14
28	Status changed to dropoff	2024-02-02 02:00:00+00	14
29	Status changed to pickup	2024-02-02 01:00:00+00	15
30	Status changed to dropoff	2024-02-02 03:00:00+00	15
31	Status changed to pickup	2024-02-02 02:00:00+00	16
32	Status changed to dropoff	2024-02-02 04:00:00+00	16
33	Status changed to pickup	2024-02-02 03:00:00+00	17
34	Status changed to dropoff	2024-02-02 05:00:00+00	17
35	Status changed to pickup	2024-02-02 04:00:00+00	18
36	Status changed to dropoff	2024-02-02 06:00:00+00	18
37	Status changed to pickup	2024-02-02 05:00:00+00	19
38	Status changed to dropoff	2024-02-02 07:00:00+00	19
39	Status changed to pickup	2024-02-02 06:00:00+00	20
40	Status changed to dropoff	2024-02-02 08:00:00+00	20
41	Status changed to pickup	2024-02-02 07:00:00+00	21
42	Status changed to dropoff	2024-02-02 09:00:00+00	21
43	Status changed to pickup	2024-02-02 08:00:00+00	22
44	Status changed to dropoff	2024-02-02 10:00:00+00	22
45	Status changed to pickup	2024-02-02 09:00:00+00	23
46	Status changed to dropoff	2024-02-02 11:00:00+00	23
47	Status changed to pickup	2024-03-04 22:00:00+00	24
48	Status changed to dropoff	2024-03-05 00:00:00+00	24
49	Status changed to pickup	2024-03-04 23:00:00+00	25
50	Status changed to dropoff	2024-03-05 01:00:00+00	25
51	Status changed to pickup	2024-03-05 00:00:00+00	26
52	Status changed to dropoff	2024-03-05 02:00:00+00	26
53	Status changed to pickup	2024-03-05 01:00:00+00	27
54	Status changed to dropoff	2024-03-05 03:00:00+00	27
55	Status changed to pickup	2024-03-05 02:00:00+00	28
56	Status changed to dropoff	2024-03-05 04:00:00+00	28
57	Status changed to pickup	2024-03-05 03:00:00+00	29
58	Status changed to dropoff	2024-03-05 05:00:00+00	29
59	Status changed to pickup	2024-03-05 04:00:00+00	30
60	Status changed to dropoff	2024-03-05 06:00:00+00	30
61	Status changed to pickup	2024-03-05 05:00:00+00	31
62	Status changed to dropoff	2024-03-05 07:00:00+00	31
63	Status changed to pickup	2024-03-05 06:00:00+00	32
64	Status changed to dropoff	2024-03-05 08:00:00+00	32
65	Status changed to pickup	2024-03-05 07:00:00+00	33
66	Status changed to dropoff	2024-03-05 09:00:00+00	33
67	Status changed to pickup	2024-03-05 08:00:00+00	34
68	Status changed to dropoff	2024-03-05 10:00:00+00	34
69	Status changed to pickup	2024-03-05 09:00:00+00	35
70	Status changed to dropoff	2024-03-05 11:00:00+00	35
71	Status changed to pickup	2024-03-05 10:00:00+00	36
72	Status changed to dropoff	2024-03-05 12:00:00+00	36
73	Status changed to pickup	2024-03-05 11:00:00+00	37
74	Status changed to dropoff	2024-03-05 13:00:00+00	37
75	Status changed to pickup	2024-03-05 12:00:00+00	38
76	Status changed to dropoff	2024-03-05 14:00:00+00	38
77	Status changed to pickup	2024-04-04 22:00:00+00	39
78	Status changed to dropoff	2024-04-05 00:00:00+00	39
79	Status changed to pickup	2024-04-04 23:00:00+00	40
80	Status changed to dropoff	2024-04-05 01:00:00+00	40
81	Status changed to pickup	2024-04-05 00:00:00+00	41
82	Status changed to dropoff	2024-04-05 02:00:00+00	41
83	Status changed to pickup	2024-04-05 01:00:00+00	42
84	Status changed to dropoff	2024-04-05 03:00:00+00	42
85	Status changed to pickup	2024-04-05 02:00:00+00	43
86	Status changed to dropoff	2024-04-05 04:00:00+00	43
87	Status changed to pickup	2024-04-05 03:00:00+00	44
88	Status changed to dropoff	2024-04-05 05:00:00+00	44
89	Status changed to pickup	2024-04-05 04:00:00+00	45
90	Status changed to dropoff	2024-04-05 06:00:00+00	45
91	Status changed to pickup	2024-04-05 05:00:00+00	46
92	Status changed to dropoff	2024-04-05 07:00:00+00	46
93	Status changed to pickup	2024-04-05 06:00:00+00	47
94	Status changed to dropoff	2024-04-05 08:00:00+00	47
95	Status changed to pickup	2024-04-05 07:00:00+00	48
96	Status changed to dropoff	2024-04-05 09:00:00+00	48
\.


--
-- TOC entry 4692 (class 0 OID 19738)
-- Dependencies: 297
-- Data for Name: core_user; Type: TABLE DATA; Schema: public; Owner: -
--

COPY public.core_user (password, last_login, id_user, role, is_staff, is_superuser, username, first_name, last_name, email, phone_number) FROM stdin;
pbkdf2_sha256$870000$mUmX27JKGH0OcvsCx1B8P8$eaVxwQtEC2UK6pY88sWoYk9QoxRSYWMG21gHc9zmlQA=	\N	2	rider	f	f	rider	Rider	Test	rider@example.com	1234567890
pbkdf2_sha256$870000$mUmX27JKGH0OcvsCx1B8P8$eaVxwQtEC2UK6pY88sWoYk9QoxRSYWMG21gHc9zmlQA=	\N	3	driver	f	f	chris_h	Chris	H	chris_h@example.com	1234567890
pbkdf2_sha256$870000$mUmX27JKGH0OcvsCx1B8P8$eaVxwQtEC2UK6pY88sWoYk9QoxRSYWMG21gHc9zmlQA=	\N	4	driver	f	f	howard_y	Howard	Y	howard_y@example.com	1234567890
pbkdf2_sha256$870000$mUmX27JKGH0OcvsCx1B8P8$eaVxwQtEC2UK6pY88sWoYk9QoxRSYWMG21gHc9zmlQA=	\N	5	driver	f	f	randy_w	Randy	W	randy_w@example.com	1234567890
pbkdf2_sha256$870000$HiKtHvc2PuygWW9Oxgiffi$YE2adk4/kQdkne2J3JZGVAy5e7gY4igGl0XYvhe0EUQ=	2025-01-31 03:24:53.751757+00	1	admin	t	t	admin			admin@example.com	
\.


--
-- TOC entry 4694 (class 0 OID 19744)
-- Dependencies: 299
-- Data for Name: django_admin_log; Type: TABLE DATA; Schema: public; Owner: -
--

COPY public.django_admin_log (id, action_time, object_id, object_repr, action_flag, change_message, content_type_id, user_id) FROM stdin;
\.


--
-- TOC entry 4696 (class 0 OID 19751)
-- Dependencies: 301
-- Data for Name: django_content_type; Type: TABLE DATA; Schema: public; Owner: -
--

COPY public.django_content_type (id, app_label, model) FROM stdin;
1	admin	logentry
2	auth	permission
3	auth	group
4	contenttypes	contenttype
5	sessions	session
6	authtoken	token
7	authtoken	tokenproxy
8	core	user
9	core	ride
10	core	rideevent
\.


--
-- TOC entry 4698 (class 0 OID 19755)
-- Dependencies: 303
-- Data for Name: django_migrations; Type: TABLE DATA; Schema: public; Owner: -
--

COPY public.django_migrations (id, app, name, applied) FROM stdin;
1	core	0001_initial	2025-01-31 02:48:10.241101+00
2	contenttypes	0001_initial	2025-01-31 02:48:10.268356+00
3	admin	0001_initial	2025-01-31 02:48:10.301443+00
4	admin	0002_logentry_remove_auto_add	2025-01-31 02:48:10.308469+00
5	admin	0003_logentry_add_action_flag_choices	2025-01-31 02:48:10.330591+00
6	contenttypes	0002_remove_content_type_name	2025-01-31 02:48:10.36074+00
7	auth	0001_initial	2025-01-31 02:48:10.451863+00
8	auth	0002_alter_permission_name_max_length	2025-01-31 02:48:10.470559+00
9	auth	0003_alter_user_email_max_length	2025-01-31 02:48:10.480352+00
10	auth	0004_alter_user_username_opts	2025-01-31 02:48:10.489165+00
11	auth	0005_alter_user_last_login_null	2025-01-31 02:48:10.495838+00
12	auth	0006_require_contenttypes_0002	2025-01-31 02:48:10.497581+00
13	auth	0007_alter_validators_add_error_messages	2025-01-31 02:48:10.503578+00
14	auth	0008_alter_user_username_max_length	2025-01-31 02:48:10.510024+00
15	auth	0009_alter_user_last_name_max_length	2025-01-31 02:48:10.516948+00
16	auth	0010_alter_group_name_max_length	2025-01-31 02:48:10.534745+00
17	auth	0011_update_proxy_permissions	2025-01-31 02:48:10.547711+00
18	auth	0012_alter_user_first_name_max_length	2025-01-31 02:48:10.554216+00
19	authtoken	0001_initial	2025-01-31 02:48:10.575942+00
20	authtoken	0002_auto_20160226_1747	2025-01-31 02:48:10.604768+00
21	authtoken	0003_tokenproxy	2025-01-31 02:48:10.607529+00
22	authtoken	0004_alter_tokenproxy_options	2025-01-31 02:48:10.610875+00
23	sessions	0001_initial	2025-01-31 02:48:10.625146+00
\.


--
-- TOC entry 4700 (class 0 OID 19761)
-- Dependencies: 305
-- Data for Name: django_session; Type: TABLE DATA; Schema: public; Owner: -
--

COPY public.django_session (session_key, session_data, expire_date) FROM stdin;
ksbgx65lj61nxunw8nclfqisiemrl1mb	.eJxVjDEOwjAMRe-SGUVprLoNIztniOzYIQWUSk07Ie4OlTrA-t97_2UibWuJW9MlTmLOpjOn340pPbTuQO5Ub7NNc12Xie2u2IM2e51Fn5fD_Tso1Mq3dqzkcBTNiOo4JECfQZEVOz_0AOIyjog9Z_bgsydEBygDhBSEwbw_7Yw31g:1tdhdn:67cAgBeT-NDVqak6Bib7K3-EQTpBs8AjoL_yRDgcF48	2025-02-14 03:24:23.530171+00
b35oknk2jgv36cisuoi9dab8d2cozt3b	.eJxVjDEOwjAMRe-SGUVprLoNIztniOzYIQWUSk07Ie4OlTrA-t97_2UibWuJW9MlTmLOpjOn340pPbTuQO5Ub7NNc12Xie2u2IM2e51Fn5fD_Tso1Mq3dqzkcBTNiOo4JECfQZEVOz_0AOIyjog9Z_bgsydEBygDhBSEwbw_7Yw31g:1tdhdr:ZXy3R1yDNNxjPb-dFcVuFPphWd7xSmD3xDx6sVzAmHQ	2025-02-14 03:24:27.068949+00
2kpo1fwzlh1ohy0vgrtwchx8j58bycj8	.eJxVjDEOwjAMRe-SGUVprLoNIztniOzYIQWUSk07Ie4OlTrA-t97_2UibWuJW9MlTmLOpjOn340pPbTuQO5Ub7NNc12Xie2u2IM2e51Fn5fD_Tso1Mq3dqzkcBTNiOo4JECfQZEVOz_0AOIyjog9Z_bgsydEBygDhBSEwbw_7Yw31g:1tdhdu:XGTrXDUT2Vv0l3nRvmseSrQqi-DCAst2v6csr3VKrQA	2025-02-14 03:24:30.326675+00
iiba83wll02ec65ql41a7l0ss1lphi7o	.eJxVjDEOwjAMRe-SGUVprLoNIztniOzYIQWUSk07Ie4OlTrA-t97_2UibWuJW9MlTmLOpjOn340pPbTuQO5Ub7NNc12Xie2u2IM2e51Fn5fD_Tso1Mq3dqzkcBTNiOo4JECfQZEVOz_0AOIyjog9Z_bgsydEBygDhBSEwbw_7Yw31g:1tdhdw:T0JAqy-Olow95czXNTpgXBBLR9yRfk3eYBj39HUlMrY	2025-02-14 03:24:32.244297+00
6e3dl6o2fnscor9th2mqx05t310ybc6e	.eJxVjDEOwjAMRe-SGUVprLoNIztniOzYIQWUSk07Ie4OlTrA-t97_2UibWuJW9MlTmLOpjOn340pPbTuQO5Ub7NNc12Xie2u2IM2e51Fn5fD_Tso1Mq3dqzkcBTNiOo4JECfQZEVOz_0AOIyjog9Z_bgsydEBygDhBSEwbw_7Yw31g:1tdhe0:-10sdZxoQgPqIQLt4PT2RUknzDn-ApbI2Kpdof6ACDo	2025-02-14 03:24:36.419835+00
suz6hns08lykksqs8ldfgfdq6h6efo7u	.eJxVjDEOwjAMRe-SGUVprLoNIztniOzYIQWUSk07Ie4OlTrA-t97_2UibWuJW9MlTmLOpjOn340pPbTuQO5Ub7NNc12Xie2u2IM2e51Fn5fD_Tso1Mq3dqzkcBTNiOo4JECfQZEVOz_0AOIyjog9Z_bgsydEBygDhBSEwbw_7Yw31g:1tdhe3:gzbyejt-0G1K5847TgkMGkDY_Kgr7I0mavGKEWewmwU	2025-02-14 03:24:39.567908+00
h9qwdy6xa3ttao0ja15krpb210o8b7eb	.eJxVjDEOwjAMRe-SGUVprLoNIztniOzYIQWUSk07Ie4OlTrA-t97_2UibWuJW9MlTmLOpjOn340pPbTuQO5Ub7NNc12Xie2u2IM2e51Fn5fD_Tso1Mq3dqzkcBTNiOo4JECfQZEVOz_0AOIyjog9Z_bgsydEBygDhBSEwbw_7Yw31g:1tdhe5:4EH4RQHQAG2jiS0dGOh-_58MjymUhtKrHq6Bnxd0AQ8	2025-02-14 03:24:41.46445+00
73wtaxbusa4hezs5astzt0e5wfquziez	.eJxVjDEOwjAMRe-SGUVprLoNIztniOzYIQWUSk07Ie4OlTrA-t97_2UibWuJW9MlTmLOpjOn340pPbTuQO5Ub7NNc12Xie2u2IM2e51Fn5fD_Tso1Mq3dqzkcBTNiOo4JECfQZEVOz_0AOIyjog9Z_bgsydEBygDhBSEwbw_7Yw31g:1tdhe7:h9qnd0KN9azWIjfmJZ5qzmsW_Q1o5bBCUCAqCDSwYIU	2025-02-14 03:24:43.32018+00
4jg0qez59fjqruzz28zopg3rktgm3377	.eJxVjDEOwjAMRe-SGUVprLoNIztniOzYIQWUSk07Ie4OlTrA-t97_2UibWuJW9MlTmLOpjOn340pPbTuQO5Ub7NNc12Xie2u2IM2e51Fn5fD_Tso1Mq3dqzkcBTNiOo4JECfQZEVOz_0AOIyjog9Z_bgsydEBygDhBSEwbw_7Yw31g:1tdheD:jQ49nByRsXFhhxfT_XH0YjzqjmhXVeUCiT2vDsKT3qM	2025-02-14 03:24:49.501477+00
dhgemrpzg20w12miemjtxesnaxdzg1nu	.eJxVjDEOwjAMRe-SGUVprLoNIztniOzYIQWUSk07Ie4OlTrA-t97_2UibWuJW9MlTmLOpjOn340pPbTuQO5Ub7NNc12Xie2u2IM2e51Fn5fD_Tso1Mq3dqzkcBTNiOo4JECfQZEVOz_0AOIyjog9Z_bgsydEBygDhBSEwbw_7Yw31g:1tdheH:LARygGEo-SkfmfnetZZStCCTxLrTL5u0uDD6SADSwUI	2025-02-14 03:24:53.76079+00
\.


--
-- TOC entry 4469 (class 0 OID 18371)
-- Dependencies: 225
-- Data for Name: spatial_ref_sys; Type: TABLE DATA; Schema: public; Owner: -
--

COPY public.spatial_ref_sys (srid, auth_name, auth_srid, srtext, proj4text) FROM stdin;
\.


--
-- TOC entry 4707 (class 0 OID 0)
-- Dependencies: 287
-- Name: auth_group_id_seq; Type: SEQUENCE SET; Schema: public; Owner: -
--

SELECT pg_catalog.setval('public.auth_group_id_seq', 1, false);


--
-- TOC entry 4708 (class 0 OID 0)
-- Dependencies: 289
-- Name: auth_group_permissions_id_seq; Type: SEQUENCE SET; Schema: public; Owner: -
--

SELECT pg_catalog.setval('public.auth_group_permissions_id_seq', 1, false);


--
-- TOC entry 4709 (class 0 OID 0)
-- Dependencies: 291
-- Name: auth_permission_id_seq; Type: SEQUENCE SET; Schema: public; Owner: -
--

SELECT pg_catalog.setval('public.auth_permission_id_seq', 40, true);


--
-- TOC entry 4710 (class 0 OID 0)
-- Dependencies: 294
-- Name: core_ride_id_ride_seq; Type: SEQUENCE SET; Schema: public; Owner: -
--

SELECT pg_catalog.setval('public.core_ride_id_ride_seq', 48, true);


--
-- TOC entry 4711 (class 0 OID 0)
-- Dependencies: 296
-- Name: core_rideevent_id_ride_event_seq; Type: SEQUENCE SET; Schema: public; Owner: -
--

SELECT pg_catalog.setval('public.core_rideevent_id_ride_event_seq', 96, true);


--
-- TOC entry 4712 (class 0 OID 0)
-- Dependencies: 298
-- Name: core_user_id_user_seq; Type: SEQUENCE SET; Schema: public; Owner: -
--

SELECT pg_catalog.setval('public.core_user_id_user_seq', 5, true);


--
-- TOC entry 4713 (class 0 OID 0)
-- Dependencies: 300
-- Name: django_admin_log_id_seq; Type: SEQUENCE SET; Schema: public; Owner: -
--

SELECT pg_catalog.setval('public.django_admin_log_id_seq', 1, false);


--
-- TOC entry 4714 (class 0 OID 0)
-- Dependencies: 302
-- Name: django_content_type_id_seq; Type: SEQUENCE SET; Schema: public; Owner: -
--

SELECT pg_catalog.setval('public.django_content_type_id_seq', 10, true);


--
-- TOC entry 4715 (class 0 OID 0)
-- Dependencies: 304
-- Name: django_migrations_id_seq; Type: SEQUENCE SET; Schema: public; Owner: -
--

SELECT pg_catalog.setval('public.django_migrations_id_seq', 23, true);


--
-- TOC entry 4476 (class 2606 OID 19767)
-- Name: auth_group auth_group_name_key; Type: CONSTRAINT; Schema: public; Owner: -
--

ALTER TABLE ONLY public.auth_group
    ADD CONSTRAINT auth_group_name_key UNIQUE (name);


--
-- TOC entry 4481 (class 2606 OID 19769)
-- Name: auth_group_permissions auth_group_permissions_group_id_permission_id_0cd325b0_uniq; Type: CONSTRAINT; Schema: public; Owner: -
--

ALTER TABLE ONLY public.auth_group_permissions
    ADD CONSTRAINT auth_group_permissions_group_id_permission_id_0cd325b0_uniq UNIQUE (group_id, permission_id);


--
-- TOC entry 4484 (class 2606 OID 19771)
-- Name: auth_group_permissions auth_group_permissions_pkey; Type: CONSTRAINT; Schema: public; Owner: -
--

ALTER TABLE ONLY public.auth_group_permissions
    ADD CONSTRAINT auth_group_permissions_pkey PRIMARY KEY (id);


--
-- TOC entry 4478 (class 2606 OID 19773)
-- Name: auth_group auth_group_pkey; Type: CONSTRAINT; Schema: public; Owner: -
--

ALTER TABLE ONLY public.auth_group
    ADD CONSTRAINT auth_group_pkey PRIMARY KEY (id);


--
-- TOC entry 4487 (class 2606 OID 19775)
-- Name: auth_permission auth_permission_content_type_id_codename_01ab375a_uniq; Type: CONSTRAINT; Schema: public; Owner: -
--

ALTER TABLE ONLY public.auth_permission
    ADD CONSTRAINT auth_permission_content_type_id_codename_01ab375a_uniq UNIQUE (content_type_id, codename);


--
-- TOC entry 4489 (class 2606 OID 19777)
-- Name: auth_permission auth_permission_pkey; Type: CONSTRAINT; Schema: public; Owner: -
--

ALTER TABLE ONLY public.auth_permission
    ADD CONSTRAINT auth_permission_pkey PRIMARY KEY (id);


--
-- TOC entry 4492 (class 2606 OID 19779)
-- Name: authtoken_token authtoken_token_pkey; Type: CONSTRAINT; Schema: public; Owner: -
--

ALTER TABLE ONLY public.authtoken_token
    ADD CONSTRAINT authtoken_token_pkey PRIMARY KEY (key);


--
-- TOC entry 4494 (class 2606 OID 19781)
-- Name: authtoken_token authtoken_token_user_id_key; Type: CONSTRAINT; Schema: public; Owner: -
--

ALTER TABLE ONLY public.authtoken_token
    ADD CONSTRAINT authtoken_token_user_id_key UNIQUE (user_id);


--
-- TOC entry 4499 (class 2606 OID 19783)
-- Name: core_ride core_ride_pkey; Type: CONSTRAINT; Schema: public; Owner: -
--

ALTER TABLE ONLY public.core_ride
    ADD CONSTRAINT core_ride_pkey PRIMARY KEY (id_ride);


--
-- TOC entry 4502 (class 2606 OID 19785)
-- Name: core_rideevent core_rideevent_pkey; Type: CONSTRAINT; Schema: public; Owner: -
--

ALTER TABLE ONLY public.core_rideevent
    ADD CONSTRAINT core_rideevent_pkey PRIMARY KEY (id_ride_event);


--
-- TOC entry 4504 (class 2606 OID 19787)
-- Name: core_user core_user_pkey; Type: CONSTRAINT; Schema: public; Owner: -
--

ALTER TABLE ONLY public.core_user
    ADD CONSTRAINT core_user_pkey PRIMARY KEY (id_user);


--
-- TOC entry 4507 (class 2606 OID 19789)
-- Name: core_user core_user_username_key; Type: CONSTRAINT; Schema: public; Owner: -
--

ALTER TABLE ONLY public.core_user
    ADD CONSTRAINT core_user_username_key UNIQUE (username);


--
-- TOC entry 4510 (class 2606 OID 19791)
-- Name: django_admin_log django_admin_log_pkey; Type: CONSTRAINT; Schema: public; Owner: -
--

ALTER TABLE ONLY public.django_admin_log
    ADD CONSTRAINT django_admin_log_pkey PRIMARY KEY (id);


--
-- TOC entry 4513 (class 2606 OID 19793)
-- Name: django_content_type django_content_type_app_label_model_76bd3d3b_uniq; Type: CONSTRAINT; Schema: public; Owner: -
--

ALTER TABLE ONLY public.django_content_type
    ADD CONSTRAINT django_content_type_app_label_model_76bd3d3b_uniq UNIQUE (app_label, model);


--
-- TOC entry 4515 (class 2606 OID 19795)
-- Name: django_content_type django_content_type_pkey; Type: CONSTRAINT; Schema: public; Owner: -
--

ALTER TABLE ONLY public.django_content_type
    ADD CONSTRAINT django_content_type_pkey PRIMARY KEY (id);


--
-- TOC entry 4517 (class 2606 OID 19797)
-- Name: django_migrations django_migrations_pkey; Type: CONSTRAINT; Schema: public; Owner: -
--

ALTER TABLE ONLY public.django_migrations
    ADD CONSTRAINT django_migrations_pkey PRIMARY KEY (id);


--
-- TOC entry 4520 (class 2606 OID 19799)
-- Name: django_session django_session_pkey; Type: CONSTRAINT; Schema: public; Owner: -
--

ALTER TABLE ONLY public.django_session
    ADD CONSTRAINT django_session_pkey PRIMARY KEY (session_key);


--
-- TOC entry 4474 (class 1259 OID 19800)
-- Name: auth_group_name_a6ea08ec_like; Type: INDEX; Schema: public; Owner: -
--

CREATE INDEX auth_group_name_a6ea08ec_like ON public.auth_group USING btree (name varchar_pattern_ops);


--
-- TOC entry 4479 (class 1259 OID 19801)
-- Name: auth_group_permissions_group_id_b120cbf9; Type: INDEX; Schema: public; Owner: -
--

CREATE INDEX auth_group_permissions_group_id_b120cbf9 ON public.auth_group_permissions USING btree (group_id);


--
-- TOC entry 4482 (class 1259 OID 19802)
-- Name: auth_group_permissions_permission_id_84c5c92e; Type: INDEX; Schema: public; Owner: -
--

CREATE INDEX auth_group_permissions_permission_id_84c5c92e ON public.auth_group_permissions USING btree (permission_id);


--
-- TOC entry 4485 (class 1259 OID 19803)
-- Name: auth_permission_content_type_id_2f476e4b; Type: INDEX; Schema: public; Owner: -
--

CREATE INDEX auth_permission_content_type_id_2f476e4b ON public.auth_permission USING btree (content_type_id);


--
-- TOC entry 4490 (class 1259 OID 19804)
-- Name: authtoken_token_key_10f0b77e_like; Type: INDEX; Schema: public; Owner: -
--

CREATE INDEX authtoken_token_key_10f0b77e_like ON public.authtoken_token USING btree (key varchar_pattern_ops);


--
-- TOC entry 4495 (class 1259 OID 19805)
-- Name: core_ride_id_driver_id_71b93f5c; Type: INDEX; Schema: public; Owner: -
--

CREATE INDEX core_ride_id_driver_id_71b93f5c ON public.core_ride USING btree (id_driver_id);


--
-- TOC entry 4496 (class 1259 OID 19806)
-- Name: core_ride_id_rider_id_86de0546; Type: INDEX; Schema: public; Owner: -
--

CREATE INDEX core_ride_id_rider_id_86de0546 ON public.core_ride USING btree (id_rider_id);


--
-- TOC entry 4497 (class 1259 OID 19807)
-- Name: core_ride_pickup_location_1d25150a_id; Type: INDEX; Schema: public; Owner: -
--

CREATE INDEX core_ride_pickup_location_1d25150a_id ON public.core_ride USING gist (pickup_location);


--
-- TOC entry 4500 (class 1259 OID 19808)
-- Name: core_rideevent_id_ride_id_88446754; Type: INDEX; Schema: public; Owner: -
--

CREATE INDEX core_rideevent_id_ride_id_88446754 ON public.core_rideevent USING btree (id_ride_id);


--
-- TOC entry 4505 (class 1259 OID 19809)
-- Name: core_user_username_36e4f7f7_like; Type: INDEX; Schema: public; Owner: -
--

CREATE INDEX core_user_username_36e4f7f7_like ON public.core_user USING btree (username varchar_pattern_ops);


--
-- TOC entry 4508 (class 1259 OID 19810)
-- Name: django_admin_log_content_type_id_c4bce8eb; Type: INDEX; Schema: public; Owner: -
--

CREATE INDEX django_admin_log_content_type_id_c4bce8eb ON public.django_admin_log USING btree (content_type_id);


--
-- TOC entry 4511 (class 1259 OID 19811)
-- Name: django_admin_log_user_id_c564eba6; Type: INDEX; Schema: public; Owner: -
--

CREATE INDEX django_admin_log_user_id_c564eba6 ON public.django_admin_log USING btree (user_id);


--
-- TOC entry 4518 (class 1259 OID 19812)
-- Name: django_session_expire_date_a5c62663; Type: INDEX; Schema: public; Owner: -
--

CREATE INDEX django_session_expire_date_a5c62663 ON public.django_session USING btree (expire_date);


--
-- TOC entry 4521 (class 1259 OID 19813)
-- Name: django_session_session_key_c0390e0f_like; Type: INDEX; Schema: public; Owner: -
--

CREATE INDEX django_session_session_key_c0390e0f_like ON public.django_session USING btree (session_key varchar_pattern_ops);


--
-- TOC entry 4522 (class 2606 OID 19814)
-- Name: auth_group_permissions auth_group_permissio_permission_id_84c5c92e_fk_auth_perm; Type: FK CONSTRAINT; Schema: public; Owner: -
--

ALTER TABLE ONLY public.auth_group_permissions
    ADD CONSTRAINT auth_group_permissio_permission_id_84c5c92e_fk_auth_perm FOREIGN KEY (permission_id) REFERENCES public.auth_permission(id) DEFERRABLE INITIALLY DEFERRED;


--
-- TOC entry 4523 (class 2606 OID 19819)
-- Name: auth_group_permissions auth_group_permissions_group_id_b120cbf9_fk_auth_group_id; Type: FK CONSTRAINT; Schema: public; Owner: -
--

ALTER TABLE ONLY public.auth_group_permissions
    ADD CONSTRAINT auth_group_permissions_group_id_b120cbf9_fk_auth_group_id FOREIGN KEY (group_id) REFERENCES public.auth_group(id) DEFERRABLE INITIALLY DEFERRED;


--
-- TOC entry 4524 (class 2606 OID 19824)
-- Name: auth_permission auth_permission_content_type_id_2f476e4b_fk_django_co; Type: FK CONSTRAINT; Schema: public; Owner: -
--

ALTER TABLE ONLY public.auth_permission
    ADD CONSTRAINT auth_permission_content_type_id_2f476e4b_fk_django_co FOREIGN KEY (content_type_id) REFERENCES public.django_content_type(id) DEFERRABLE INITIALLY DEFERRED;


--
-- TOC entry 4525 (class 2606 OID 19829)
-- Name: authtoken_token authtoken_token_user_id_35299eff_fk_core_user_id_user; Type: FK CONSTRAINT; Schema: public; Owner: -
--

ALTER TABLE ONLY public.authtoken_token
    ADD CONSTRAINT authtoken_token_user_id_35299eff_fk_core_user_id_user FOREIGN KEY (user_id) REFERENCES public.core_user(id_user) DEFERRABLE INITIALLY DEFERRED;


--
-- TOC entry 4526 (class 2606 OID 19834)
-- Name: core_ride core_ride_id_driver_id_71b93f5c_fk_core_user_id_user; Type: FK CONSTRAINT; Schema: public; Owner: -
--

ALTER TABLE ONLY public.core_ride
    ADD CONSTRAINT core_ride_id_driver_id_71b93f5c_fk_core_user_id_user FOREIGN KEY (id_driver_id) REFERENCES public.core_user(id_user) DEFERRABLE INITIALLY DEFERRED;


--
-- TOC entry 4527 (class 2606 OID 19839)
-- Name: core_ride core_ride_id_rider_id_86de0546_fk_core_user_id_user; Type: FK CONSTRAINT; Schema: public; Owner: -
--

ALTER TABLE ONLY public.core_ride
    ADD CONSTRAINT core_ride_id_rider_id_86de0546_fk_core_user_id_user FOREIGN KEY (id_rider_id) REFERENCES public.core_user(id_user) DEFERRABLE INITIALLY DEFERRED;


--
-- TOC entry 4528 (class 2606 OID 19844)
-- Name: core_rideevent core_rideevent_id_ride_id_88446754_fk_core_ride_id_ride; Type: FK CONSTRAINT; Schema: public; Owner: -
--

ALTER TABLE ONLY public.core_rideevent
    ADD CONSTRAINT core_rideevent_id_ride_id_88446754_fk_core_ride_id_ride FOREIGN KEY (id_ride_id) REFERENCES public.core_ride(id_ride) DEFERRABLE INITIALLY DEFERRED;


--
-- TOC entry 4529 (class 2606 OID 19849)
-- Name: django_admin_log django_admin_log_content_type_id_c4bce8eb_fk_django_co; Type: FK CONSTRAINT; Schema: public; Owner: -
--

ALTER TABLE ONLY public.django_admin_log
    ADD CONSTRAINT django_admin_log_content_type_id_c4bce8eb_fk_django_co FOREIGN KEY (content_type_id) REFERENCES public.django_content_type(id) DEFERRABLE INITIALLY DEFERRED;


--
-- TOC entry 4530 (class 2606 OID 19854)
-- Name: django_admin_log django_admin_log_user_id_c564eba6_fk_core_user_id_user; Type: FK CONSTRAINT; Schema: public; Owner: -
--

ALTER TABLE ONLY public.django_admin_log
    ADD CONSTRAINT django_admin_log_user_id_c564eba6_fk_core_user_id_user FOREIGN KEY (user_id) REFERENCES public.core_user(id_user) DEFERRABLE INITIALLY DEFERRED;


-- Completed on 2025-01-31 03:25:42 UTC

--
-- PostgreSQL database dump complete
--

